UPC,ITEM_DESC,MARCA,ANCHO_BLOQUE,ALTO,CHAROLA_MODAL,E_CHAROLA_NORM,E_CHAROLA
7501055304745,Refresco CocaCola 3 lt botella No Retornable cola,COCA,45.2,36.7,1,0.4137,9.9288
7501055313532,Refresco Coca Cola 1.75L NR,COCA,19.0,34.1,2,0.4523,10.8552
7501055302925,Refresco CocaCola 2 lt botella No Retornable cola,COCA,10.0,34.7,2,0.4472,10.7328
7501055310227,Refresco Coca-Cola 2.5 lt botella retornable cola,COCA,23.0,36.7,2,0.4249,10.1976
75007614,Refresco CocaCola 600 ml botella No Retornable cola,COCA,6.9,24.2,3,0.5295,12.708
75004699,Refresco CocaCola 500 ml botella vidrio Retornable,COCA,6.6,28.5,3,0.502,12.048
7501055302451,Refresco CocaCola 1 lt botella No Retornable cola,COCA,8.4,27.5,3,0.5018,12.0432
7501055313525,Refresco Coca Cola 1.25 lts No Retornable:Regular,COCA,8.5,30.0,3,0.4904,11.7696
7501055302086,Refresco CocaCola 500 ml botella vidrio No Retornable cola,COCA,6.9,23.5,4,0.5765,13.836
7501055305339,Refresco CocaCola 600 ml botella No Retornable cola light,COCA,6.9,24.2,4,0.5474,13.1376
75007614,Refresco CocaCola 600 ml botella No Retornable cola,COCA,13.8,24.2,4,0.5295,12.708
7501055332175,Coca Cola Regular Chubby 355ml Pet,COCA,6.5,16.5,5,0.6025,14.46
7501055356256,Coca Cola Sin Azucar Chubby 355ml Pet,COCA,6.5,16.5,5,0.5833,13.9992
7501055302086,Refresco CocaCola 500 ml botella vidrio No Retornable cola,COCA,6.9,23.5,5,0.5765,13.836
7501055320639,Coca Cola SA 600 ml NR,COCA,20.7,24.2,5,0.5597,13.4328
7501055365395,CocaCola Light lata 355 ML NR Sleek Can,COCA,5.8,15.8,6,0.625,15.0
7501055361540,CocaCola Original lata 355 ML NR Sleek Can,COCA,5.8,15.8,6,0.6198,14.8752
7501055300075,Refresco CocaCola 355 ml lata,COCA,6.6,12.2,6,0.6149,14.7576
7501055358984,Coca Cola SA 250ML,COCA,6.0,15.6,6,0.6076,14.5824
7501055355310,Coca Cola 250 ml PET NR,COCA,5.6,17.0,6,0.6115,14.676
7501055354672,Coca-Cola 235ml VNR,COCA,10.6,18.4,6,0.6138,14.7312
7501055313594,Refresco Coca-Cola 473 ml lata:Cola:regular,COCA,6.6,15.8,6,0.6022,14.4528
7501055305247,Refresco CocaCola 2.5 lt botella No Retornable cola,COCA,10.9,36.9,7,0.4161,9.9864
7501055321681,Coca Cola SA 2.5 L NR,COCA,10.0,37.0,7,0.4244,10.1856
7501031311682,Refresco Pepsi 1.5 L NR:Regular,PEPSI,16.6,33.0,7,0.4423,10.6152
7501031311606,Refresco Pepsi 2 Lt botella No Retornable cola,PEPSI,10.0,35.0,7,0.4517,10.8408
7501031311682,Refresco Pepsi 1.5 L NR:Regular,PEPSI,16.6,33.0,8,0.4423,10.6152
7501031311606,Refresco Pepsi 2 Lt botella No Retornable cola,PEPSI,10.0,35.0,8,0.4517,10.8408
7501031310258,Refresco Pepsi 2.5 lt botella No Retornable:cola,PEPSI,11.0,37.5,8,0.4558,10.9392
7501031310098,Refresco Pepsi 3 lt botella No Retornable:cola,PEPSI,12.5,37.5,8,0.453,10.872
7501055302451,Refresco CocaCola 1 lt botella No Retornable cola,COCA,25.2,27.5,9,0.5018,12.0432
7501031310012,Refresco Pepsi 600 ml botella No Retornable cola,PEPSI,6.7,25.0,9,0.5156,12.3744
7501031311644,Refresco sabor cola Pepsi 1 lto botella no retornable:Regular,PEPSI,16.0,28.0,9,0.4992,11.9808
75007614,Refresco CocaCola 600 ml botella No Retornable cola,COCA,13.8,24.2,10,0.5295,12.708
7501022013052,PEPSI BLACK 600ML,PEPSI,6.8,24.0,10,0.5555,13.332
7501031312559,Refresco Pepsi 600 ml botella No Retornable cola light,PEPSI,6.7,25.0,10,0.5373,12.8952
7501022013052,PEPSI BLACK 600ML,PEPSI,6.8,24.0,10,0.5555,13.332
7501022014585,Seven up Lima limon 600ml NR,OTRO,6.7,25.0,10,0.5223,12.5352
7503029481490,SANGRIA SE?ORIAL SIN AZUCAR 355ML,OTRO,8.1,17.8,10,0.5962,14.3088
7501055320639,Coca Cola SA 600 ml NR,COCA,6.9,24.2,11,0.5597,13.4328
7501055356256,Coca Cola Sin Azucar Chubby 355ml Pet,COCA,6.5,16.5,11,0.5833,13.9992
7501031302741,Refresco de Cola Pepsi 400 ml bote No retornable,PEPSI,5.8,21.0,11,0.5979,14.3496
7501022014257,PEPSI KICK 500 ML,PEPSI,6.0,21.0,11,0.5804,13.9296
7501031311620,Refresco Pepsi 500 ml botella No Retornable cola,PEPSI,6.5,23.0,11,0.569,13.656
7501022013052,PEPSI BLACK 600ML,PEPSI,6.8,24.0,11,0.5555,13.332
7501055355310,Coca Cola 250 ml PET NR,COCA,11.2,17.0,12,0.6115,14.676
7501022009277,Refresco Pepsi 473ml lata,PEPSI,6.7,16.0,12,0.6209,14.9016
7501055332175,Coca Cola Regular Chubby 355ml Pet,COCA,6.5,16.5,12,0.6025,14.46
7501022009277,Refresco Pepsi 473ml lata,PEPSI,13.4,16.0,12,0.6209,14.9016
7501022015438,Pepsi Kick SG 473 Ml Lata 12 XD,PEPSI,6.6,16.3,12,0.6189,14.8536
7501031302741,Refresco de Cola Pepsi 400 ml bote No retornable,PEPSI,5.8,21.0,12,0.5979,14.3496
7501022015544,Manzanita Sol Manzana 2L NR,OTRO,10.2,35.0,13,0.4194,10.0656
7501055304806,Sprite Lima limon 3L NR,SPRITE,11.2,35.9,13,0.44,10.56
7501073839861,Penafiel Naranjada 2 lt NR,PENAFIEL,30.9,34.1,13,0.4192,10.0608
7501031310098,Refresco Pepsi 3 lt botella No Retornable:cola,PEPSI,12.5,37.5,14,0.453,10.872
7501055340002,Sidral Mundet Manzana 2L NR,MUNDET,10.0,34.7,14,0.4506,10.8144
7501055304806,Sprite Lima limon 3L NR,SPRITE,22.4,35.9,14,0.44,10.56
7501055305650,Sprite Lima limon 2L NR,SPRITE,10.0,33.8,14,0.4447,10.6728
7501031311644,Refresco sabor cola Pepsi 1 lto botella no retornable:Regular,PEPSI,16.0,28.0,15,0.4992,11.9808
7501055305629,Sprite Lima limon 600ml NR,SPRITE,14.2,23.2,15,0.5101,12.2424
7501505630073,Sangria casera Original 600ml NR,OTRO,7.0,24.0,15,0.5037,12.0888
7501022014585,Seven up Lima limon 600ml NR,OTRO,6.7,25.0,15,0.5223,12.5352
7501505630073,Sangria casera Original 600ml NR,OTRO,7.0,24.0,15,0.5037,12.0888
7501022013052,PEPSI BLACK 600ML,PEPSI,6.8,24.0,16,0.5555,13.332
7501031312559,Refresco Pepsi 600 ml botella No Retornable cola light,PEPSI,6.7,25.0,16,0.5373,12.8952
7501055303779,Fanta Naranja 600ml NR,FANTA,14.2,23.2,16,0.5493,13.1832
7501022015377,Manzanita Sol PET 600ml,OTRO,6.6,25.0,16,0.5637,13.5288
7501022014912,Mirinda 600mls RA,MIRINDA,6.6,25.0,16,0.5408,12.9792
7501022014585,Seven up Lima limon 600ml NR,OTRO,6.7,25.0,16,0.5223,12.5352
7501031302741,Refresco de Cola Pepsi 400 ml bote No retornable,PEPSI,5.8,21.0,17,0.5979,14.3496
7501022014257,PEPSI KICK 500 ML,PEPSI,12.0,21.0,17,0.5804,13.9296
7501055379484,DEL VALLE FIZZ 600ML NARANJA,OTRO,7.2,23.0,17,0.5916,14.1984
7501022015513,Manzanita Sol Manzana 400ml NR,OTRO,11.6,22.0,17,0.6021,14.4504
7501022013885,Seven up Lima limon 400ml NR,OTRO,5.8,21.0,17,0.6199,14.8776
7501022009277,Refresco Pepsi 473ml lata,PEPSI,13.4,16.0,18,0.6209,14.9016
7501022015438,Pepsi Kick SG 473 Ml Lata 12 XD,PEPSI,6.6,16.3,18,0.6189,14.8536
7501055308156,Refresco Fanta 250 ml botella No Retornablefresa,FANTA,5.5,17.0,18,0.6267,15.0408
7501022016008,Mirinda RA 400ml PET 12,MIRINDA,11.6,21.0,18,0.6284,15.0816
7501022013885,Seven up Lima limon 400ml NR,OTRO,11.6,21.0,18,0.6199,14.8776
7501073839861,Penafiel Naranjada 2 lt NR,PENAFIEL,10.3,34.1,19,0.4192,10.0608
7501073840843,Penafiel Sifon 1.75lt NR,PENAFIEL,20.6,37.5,19,0.4267,10.2408
7501071120077,Squirt Toronja 2L NR,SQUIRT,20.0,35.0,19,0.4494,10.7856
7501071120077,Squirt Toronja 2L NR,SQUIRT,10.0,35.0,20,0.4494,10.7856
21136010480,Agua mineral Topo Chico 1.5 lt botella No Retornable,TOPO CHICO,19.4,31.0,20,0.4653,11.1672
7501073800908,Penafiel Mineral 2 lt NR,PENAFIEL,20.6,34.1,20,0.4651,11.1624
7501505630073,Sangria casera Original 600ml NR,OTRO,7.0,24.0,21,0.5037,12.0888
7501198355581,Dr Pepper Cream soda 600ml NR,DR PEPPER,8.9,24.2,21,0.5167,12.4008
7501073841024,Penafiel Naranjada 1lt NR,PENAFIEL,8.0,27.9,21,0.5,12.0
7501071120183,Squirt Toronja 600ml NR,SQUIRT,6.7,25.0,21,0.5188,12.4512
7501073830028,Penafiel Mineral 1 lt NR,PENAFIEL,8.0,27.9,21,0.5128,12.3072
7501073839212,Penafiel Twist Limon 1 lt NR,PENAFIEL,16.0,27.9,21,0.5105,12.252
7501022014912,Mirinda 600mls RA,MIRINDA,6.6,25.0,22,0.5408,12.9792
7501073841925,Penafiel Pinada 600ml NR,PENAFIEL,6.7,24.5,22,0.5468,13.1232
21136010541,Agua mineral Topo Chico 600 ml botella No Retornable,TOPO CHICO,31.2,20.6,22,0.5607,13.4568
7501071120183,Squirt Toronja 600ml NR,SQUIRT,6.7,25.0,22,0.5188,12.4512
7501073839854,Penafiel Naranjada 600 ml NR,PENAFIEL,12.8,24.7,23,0.5873,14.0952
7501073831469,Penafiel Twist Limon 600 ml NR,PENAFIEL,6.4,24.7,23,0.6093,14.6232
21136010541,Agua mineral Topo Chico 600 ml botella No Retornable,TOPO CHICO,31.2,20.6,23,0.5607,13.4568
7501198355536,Dr Pepper Original 355ml Lata ,DR PEPPER,18.0,15.6,24,0.626,15.024
7501073839885,Penafiel Limonada 600 ml NR,PENAFIEL,6.4,24.7,24,0.6106,14.6544
7501073830509,Penafiel Mineral 600 ml NR,PENAFIEL,25.6,24.7,24,0.6167,14.8008
